<?xml version="1.0" encoding="UTF-8" ?>
<!DOCTYPE configuration
        PUBLIC "-//mybatis.org//DTD Config 3.0//EN"
        "http://mybatis.org/dtd/mybatis-3-config.dtd">
<configuration>
    <properties resource="jdbc.properties">
    </properties>
    <settings>
        <!--        设置日志类型-->
        <!--        <setting name="logImpl" value="LOG4J"/>-->
        <setting name="logImpl" value="STDOUT_LOGGING"/>
    </settings>
<!--    <environments default="development">-->
<!--        <environment id="development">-->
<!--            &lt;!&ndash;            类型有jdbc，managed&ndash;&gt;-->
<!--            <transactionManager type="JDBC"/>-->
<!--            &lt;!&ndash;            数据源类型有pooled unpooled jndi， unpooled每次请求都会打开关闭连接，没有连接池&ndash;&gt;-->
<!--            <dataSource type="POOLED">-->
<!--                <property name="driver" value="org.sqlite.JDBC"/>-->
<!--                &lt;!&ndash;                <property name="url" value="jdbc:sqlite:C:/#E/JavaLearn2/multiThread/smbms/src/main/resources/sqliteDB.sqlite"/>&ndash;&gt;-->
<!--                &lt;!&ndash;                使用外部属性之后就可以写${}了&ndash;&gt;-->
<!--                <property name="url" value="${url}"/>-->
<!--                <property name="username" value="root"/>-->
<!--                <property name="password" value="123456"/>-->
<!--            </dataSource>-->
<!--        </environment>-->
<!--    </environments>-->



<!--    <mappers>-->
<!--&lt;!&ndash;        <package name="com.market2.daoMappers.sqliteDao"/>&ndash;&gt;-->
<!--        <mapper resource="com/market2/daoMappers/sqliteDao/UserDao.xml"/>-->
<!--    </mappers>-->
</configuration>