<?xml version="1.0" encoding="UTF-8"?>
<beans xmlns="http://www.springframework.org/schema/beans"
       xmlns:xsi="http://www.w3.org/2001/XMLSchema-instance"
       xmlns:aop="http://www.springframework.org/schema/aop"
       xmlns:context="http://www.springframework.org/schema/context"
       xsi:schemaLocation="http://www.springframework.org/schema/beans
       http://www.springframework.org/schema/beans/spring-beans.xsd
       http://www.springframework.org/schema/context
       http://www.springframework.org/schema/context/spring-context.xsd
       http://www.springframework.org/schema/aop
       https://www.springframework.org/schema/aop/spring-aop.xsd">

<!--        关联数据库配置文件-->
    <context:property-placeholder location="classpath:jdbc.properties"/>
<!--    连接池的配置-->
    <bean id="dataSource" class="com.mchange.v2.c3p0.ComboPooledDataSource">
        <property name="driverClass" value="${driver}"/>
        <property name="jdbcUrl" value="${url}"/>
        <property name="user" value="${uname}"/>
        <property name="password" value="${psw}"/>
        <property name="maxPoolSize" value="30"/>
        <property name="minPoolSize" value="10"/>
        <property name="autoCommitOnClose" value="false"/>
        <property name="checkoutTimeout" value="10000"/>
        <property name="acquireRetryAttempts" value="2"/>
    </bean>
<!--    配置sqlSessionFactory，引入上面那个bean即可-->
    <bean id="sqlSessionFactory" class="org.mybatis.spring.SqlSessionFactoryBean">
        <property name="dataSource" ref="dataSource"/>
<!--        绑定mybatis配置文件-->
        <property name="configLocation" value="classpath:mybatis-config.xml"/>
<!--        指定需要扫描的xml所在的目录，注意这里配置了xml文件目录之后仍然要配置dao接口扫描包（下面那个bean）-->
        <property name="mapperLocations" value="classpath:daoMappers/sqliteDao/*.xml"/>
    </bean>

<!--    配置dao接口扫描包-->
    <bean class="org.mybatis.spring.mapper.MapperScannerConfigurer">
        <property name="sqlSessionFactoryBeanName" value="sqlSessionFactory"/>
        <property name="basePackage" value="com.market2.dao"/>
    </bean>
</beans>