<?xml version="1.0" encoding="UTF-8"?>
<beans xmlns="http://www.springframework.org/schema/beans"
       xmlns:xsi="http://www.w3.org/2001/XMLSchema-instance"
       xmlns:aop="http://www.springframework.org/schema/aop"
       xmlns:context="http://www.springframework.org/schema/context"
       xmlns:mvc="http://www.springframework.org/schema/mvc"
       xsi:schemaLocation="http://www.springframework.org/schema/beans
       http://www.springframework.org/schema/beans/spring-beans.xsd
       http://www.springframework.org/schema/context
       http://www.springframework.org/schema/context/spring-context.xsd
       http://www.springframework.org/schema/aop
       https://www.springframework.org/schema/aop/spring-aop.xsd
       http://www.springframework.org/schema/mvc
       http://www.springframework.org/schema/mvc/spring-mvc.xsd">

<!--    1.注解驱动-->
    <mvc:annotation-driven/>

<!--    2.静态资源过滤，需要另外开一个servlet来处理静态资源-->
    <mvc:default-servlet-handler default-servlet-name="default"/>

<!--    3.扫描包-->
    <context:component-scan base-package="com.market2.controller"/>
<!--    4.视图解析器-->
    <bean class="org.springframework.web.servlet.view.InternalResourceViewResolver">
        <property name="prefix" value="/WEB-INF/jsp/"/>
        <property name="suffix" value=".jsp"/>
    </bean>

<!--    5.权限拦截-->
    <mvc:interceptors>
        <mvc:interceptor>
            <mvc:mapping path="/jsp/**"/>
            <bean class="com.market2.filter.PriorityInterceptor"/>
        </mvc:interceptor>
    </mvc:interceptors>
</beans>