<?xml version="1.0" encoding="UTF-8" ?>
<!DOCTYPE mapper
        PUBLIC "-//mybatis.org//DTD Mapper 3.0//EN"
        "http://mybatis.org/dtd/mybatis-3-mapper.dtd">
<mapper namespace="com.market2.dao.BillDao">

    <select id="getBills" resultType="com.market2.pojo.Bill">
        select b.id,
               b.billCode,
               b.productName,
               b.productDesc,
               b.productUnit,
               b.productCount,
               b.totalPrice,
               b.isPayment,
               b.createdBy,
               b.creationDate,
               b.modifyBy,
               b.modifyDate,
               b.providerId,
               p.proName providerName
        from smbms_bill b, smbms_provider p
        <where>
                b.providerId = p.id
            <if test="productName != null and productName != ''">
                and b.productName = #{productName}
            </if>
            <if test="providerId != null and providerId != 0">
                and b.providerId = #{providerId}
            </if>
            <if test="isPayment != null and isPayment != 0">
                and b.isPayment = #{isPayment}
            </if>
        </where>
    </select>

    <select id="getBillById" resultType="com.market2.pojo.Bill">
        select b.id,
               b.billCode,
               b.productName,
               b.productDesc,
               b.productUnit,
               b.productCount,
               b.totalPrice,
               b.isPayment,
               b.createdBy,
               b.creationDate,
               b.modifyBy,
               b.modifyDate,
               b.providerId,
               p.proName providerName
        from smbms_bill b, smbms_provider p
        where b.providerId = p.id
        and b.id = #{id};
    </select>

    <update id="updateBill">
        update main.smbms_bill
        set (id, billCode, productName, productUnit, productCount, totalPrice, providerId, isPayment)
        = (#{id}, #{billCode}, #{productName}, #{productUnit}, #{productCount}, #{totalPrice}, #{providerId}, #{isPayment})
        where id = #{id};
    </update>

    <insert id="addBill">
        insert into smbms_bill
            (billCode, productName, productUnit, productCount, totalPrice, isPayment, providerId)
        values (#{billCode}, #{productName}, #{productUnit}, #{productCount}, #{totalPrice}, #{isPayment}, #{providerId});
    </insert>
</mapper>