<?xml version="1.0" encoding="UTF-8" ?>
<!DOCTYPE mapper
        PUBLIC "-//mybatis.org//DTD Mapper 3.0//EN"
        "http://mybatis.org/dtd/mybatis-3-mapper.dtd">
<mapper namespace="com.market2.dao.ProviderDao">
    <select id="getProviders" resultType="com.market2.pojo.Provider">
        select * from smbms_provider
        <where>
            <if test="proCode != null and proCode != ''">
                proCode = #{proCode}
            </if>
            <if test="proName != null and proName != ''">
                and proName = #{proName}
            </if>
        </where>
    </select>

    <select id="getProviderById" resultType="com.market2.pojo.Provider">
        select * from smbms_provider
        where id = #{id};
    </select>

    <update id="updateProvider">
        update smbms_provider
        set (proCode, proName, proContact, proPhone, proAddress, proFax, proDesc)
        = (#{proCode}, #{proName}, #{proContact}, #{proPhone}, #{proAddress}, #{proFax}, #{proDesc})
        where id = #{id};
    </update>

    <delete id="delProviderById">
        delete from smbms_provider
        where id = #{id};
    </delete>

    <insert id="addProvider" >
        insert into smbms_provider
        (proCode, proName, proDesc, proContact, proPhone, proAddress, proFax)
        values (#{proCode}, #{proName}, #{proDesc}, #{proContact}, #{proPhone}, #{proAddress}, #{proFax});
    </insert>
</mapper>