<?xml version="1.0" encoding="UTF-8" ?>
<!DOCTYPE mapper
        PUBLIC "-//mybatis.org//DTD Mapper 3.0//EN"
        "http://mybatis.org/dtd/mybatis-3-mapper.dtd">
<mapper namespace="com.market2.dao.UserDao">

    <select id="getLoginUser" resultType="com.market2.pojo.User">
        select *
        from smbms_user
        where userCode = #{userCode}
          and userPassword = #{userPassword};
    </select>

    <update id="updatePsw">
        update smbms_user
        set userPassword = #{newPsw}
        where id = #{userId};
    </update>

    <!--    动态sql进行查询-->
    <select id="getUsers" resultType="com.market2.pojo.User">
        select * from smbms_user
        <where>
            <if test="userName != null and userName != ''">
                userName = #{userName}
            </if>
            <if test="userRole != null and userRole != 0">
                and userRole = #{userRole}
            </if>
        </where>
    </select>

    <select id="getRoles" resultType="com.market2.pojo.Role">
        select * from smbms_role;
    </select>

    <select id="getCount" resultType="int">
        select count(id)
        from smbms_user
        <where>
            <if test="userName != null and userName != ''">
                userName = #{userName}
            </if>
            <if test="userRole != null and userRole != 0">
                and userRole = #{userRole}
            </if>
        </where>
    </select>

    <select id="getUserById" resultType="com.market2.pojo.User">
        select * from main.smbms_user
        where id = #{id};
    </select>

    <update id="updateUser" parameterType="com.market2.pojo.User">
        update smbms_user
        set (userName, gender, phone, address, userRole)
        = (#{userName}, #{gender}, #{phone}, #{address}, #{userRole})
        where id = #{id};
    </update>

    <delete id="delUser" parameterType="int">
        delete from smbms_user
        where id = #{id};
    </delete>

    <select id="getUserByCode" resultType="com.market2.pojo.User">
        select * from smbms_user
        where userCode = #{userCode};
    </select>

    <insert id="addUser" parameterType="com.market2.pojo.User">
        insert into smbms_user
        (userCode, userName, userPassword, gender, phone, address, userRole)
        values (#{userCode}, #{userName}, #{userPassword}, #{gender}, #{phone}, #{address}, #{userRole});
    </insert>
</mapper>